{"_wandb":{"runtime":437},"value loss":0.0375940315425396,"_step":252,"policy loss":-0.010009724646806717,"_runtime":437,"entropy loss":8.79496955871582,"_timestamp":1.7843997748802435e+09,"Loss":-0.07916240394115448,"reward":-23742.279999937364}