{"value loss":0.1446177065372467,"_step":14,"reward":-1419.1499999997748,"_timestamp":1.784399278175721e+09,"_runtime":21,"Loss":-0.02090313658118248,"entropy loss":8.526285171508789,"_wandb":{"runtime":21},"policy loss":-0.007949120365083218}