{"_timestamp":1.7843991994882894e+09,"value loss":0.9206643104553223,"_step":0,"Loss":0.366277277469635,"policy loss":-0.008927742019295692,"entropy loss":8.512716293334961,"_runtime":1,"_wandb":{"runtime":1},"reward":-94.09999999999893}