{"policy loss":-0.00419094692915678,"Loss":0.39923742413520813,"value loss":0.977070689201355,"_timestamp":1.784399859624311e+09,"_wandb":{"runtime":12},"_runtime":12,"reward":-264.3999999999982,"_step":2,"entropy loss":8.510700225830078}