{"_wandb":{"runtime":3},"Loss":0.41892194747924805,"entropy loss":8.515130996704102,"_step":2,"_runtime":3,"policy loss":-0.022295033559203148,"value loss":1.0527364015579224,"reward":-43.10000000000022,"_timestamp":1.78440005614186e+09}