{"reward":-173.54999999999788,"_timestamp":1.7843999483828752e+09,"_wandb":{"runtime":8},"policy loss":-0.011264483444392681,"value loss":0.9589544534683228,"_runtime":8,"_step":1,"entropy loss":8.514871597290039,"Loss":0.38306400179862976}